On,ID
Ex,40
Ex,60
Ex,87
Ex,107
Ex,108
Ex,119
Ex,147
Ex,226
Ex,273
Ex,291
Ex,309
Ex,311
Ex,375
Ex,476
Ex,481
Ex,488
Ex,490
Ex,491
Ex,526
Ex,528
Ex,529
Ex,576
Ex,577
Ex,627
Ex,664
Ex,687
Ex,744
Ex,770
Ex,774
Ex,775
Ex,777
Ex,781
Ex,784
Ex,785
Ex,801
Ex,808
Ex,814
Ex,815
Ex,816
Ex,817
Ex,885
Ex,1000
Ex,1004
Ex,1007
Ex,1008
Ex,1010
Ex,1016
Ex,1072
Ex,1113
Ex,1114
Ex,1123
Ex,1124
Ex,1131
Ex,1152
Ex,1159
Ex,1213
Ex,1290
Ex,1291
Ex,1345
Ex,1346
Ex,1397
Ex,1428
Ex,1499
Ex,1508
Ex,1523
Ex,1600
Ex,1602
Ex,1607
Ex,1620
Ex,1630
Ex,1730
Ex,1740
Ex,1756
Ex,1759
Ex,1780
Ex,1826
Ex,1917
Ex,1946
Ex,1958
Ex,1960
Ex,1974
Ex,1996
Ex,2026
Ex,2037
Ex,2039
Ex,2043
Ex,2044
Ex,2051
Ex,2104
Ex,2114
Ex,2185
Ex,2191
Ex,2273
Ex,2554
Ex,2561
Ex,2562
Ex,2563
Ex,2565
Ex,2566
Ex,2567
Ex,2596
Ex,2597
Ex,2632
Ex,2674
Ex,2690
Ex,2743
Ex,2744
Ex,2774
Ex,2775
Ex,2785
Ex,2786
Ex,2794
Ex,2891
Ex,2892
Ex,2893
Ex,2899
Ex,2902
Ex,2904
Ex,2907
Ex,2911
Ex,2915
Ex,2917
Ex,2918
Ex,2977
Ex,3084
Ex,3094
Ex,3096
Ex,3097
Ex,3131
Ex,3139
Ex,3241
Ex,3326
Ex,3354
Ex,3356
Ex,3423
Ex,3556
Ex,3680
Ex,3696
Ex,3705
Ex,3706
Ex,3708
Ex,3736
Ex,3737
Ex,3745
Ex,3751
Ex,3752
Ex,3756
Ex,3763
Ex,3775
Ex,3778
Ex,3781
Ex,3785
Ex,3786
Ex,3797
Ex,3798
Ex,3831
Ex,3843
Ex,3899
Ex,3910
Ex,3912
Ex,3921
Ex,3925
Ex,3945
Ex,4045
Ex,4082
Ex,4088
Ex,4121
Ex,4130
Ex,4131
Ex,4185
Ex,4190
Ex,4208
Ex,4212
Ex,4217
Ex,4249
Ex,4325
Ex,4326
Ex,4482
Ex,4591
Ex,4628
Ex,4673
Ex,4674
Ex,4697
Ex,4736
Ex,4741
Ex,4744
Ex,4745
Ex,4747
Ex,4753
Ex,4826
Ex,4884
Ex,4885
Ex,4886
Ex,4897
Ex,4900
Ex,4905
Ex,4916
Ex,4929
Ex,4978
Ex,5037
Ex,5058
Ex,5063
Ex,5067
Ex,5099
Ex,5100
Ex,5121
Ex,5122
Ex,5126
Ex,5136
Ex,5138
Ex,5144
Ex,5205
Ex,5218
Ex,5230
Ex,5270
Ex,5295
Ex,5297
Ex,5300
Ex,5315
Ex,5361
Ex,5362
Ex,5452
Ex,5478
Ex,5502
Ex,5522
Ex,5530
Ex,5532
Ex,5573
Ex,5575
Ex,5577
Ex,5579
Ex,5596
Ex,5600
Ex,5604
Ex,5621
Ex,5646
Ex,5660
Ex,5662
Ex,5789
Ex,5798
Ex,5799
Ex,5800
Ex,5801
Ex,5820
Ex,5864
Ex,5874
Ex,5879
Ex,5883
Ex,5909
Ex,5915
Ex,5922
Ex,5923
Ex,5924
Ex,5937
Ex,5991
Ex,5999
Ex,6000
Ex,6002
Ex,6014
Ex,6096
Ex,6122
Ex,6129
Ex,6136
Ex,6144
Ex,6160
Ex,6161
Ex,6167
Ex,6168
Ex,6171
Ex,6191
Ex,6194
Ex,6203
Ex,6206
Ex,6207
Ex,6222
Ex,6223
Ex,6227
Ex,6229
Ex,6233
Ex,6234
Ex,6252
Ex,6262
Ex,6324
Ex,6326
Ex,6334
Ex,6376
Ex,6444
Ex,6447
Ex,6456
Ex,6500
Ex,6534
Ex,6543
Ex,6546
Ex,6574
Ex,6585
Ex,6586
Ex,6616
Ex,6620
Ex,6622
Ex,6641
Ex,6645
Ex,6653
Ex,6660
Ex,6695
Ex,6775
Ex,6792
Ex,6804
Ex,6812
Ex,6833
Ex,6853
Ex,6854
Ex,6855
Ex,6857
Ex,6860
Ex,6894
Ex,7070
Ex,7091
Ex,7102
Ex,7111
Ex,7167
Ex,7223
Ex,7224
Ex,7226
Ex,7259
Ex,7277
Ex,7280
Ex,7301
Ex,7314
Ex,7316
Ex,7345
Ex,7388
Ex,7416
Ex,7447
Ex,7529
Ex,7532
Ex,7533
Ex,7534
Ex,7781
Ex,7846
Ex,7905
Ex,7976
Ex,8001
Ex,8224
Ex,8291
Ex,8404
Ex,8448
Ex,8470
Ex,8496
Ex,8497
Ex,8499
Ex,8506
Ex,8507
Ex,8514
Ex,8525
Ex,8534
Ex,8543
Ex,8555
Ex,8618
Ex,8622
Ex,8633
Ex,8718
Ex,8727
Ex,8745
Ex,8821
Ex,8848
Ex,8851
Ex,8906
Ex,8925
Ex,8927
Ex,8936
Ex,8997
Ex,9024
Ex,9060
Ex,9066
Ex,9079
Ex,9118
Ex,9145
Ex,9162
Ex,9168
Ex,9172
Ex,9201
Ex,9211
Ex,9223
Ex,9228
Ex,9229
Ex,9240
Ex,9252
Ex,9312
Ex,9348
Ex,9349
Ex,9377
Ex,9442
Ex,9445
Ex,9456
Ex,9475
Ex,9478
Ex,9515
Ex,9568
Ex,9581
Ex,9615
Ex,9628
Ex,9645
Ex,9648
Ex,9699
Ex,9722
Ex,9723
Ex,9743
Ex,9746
Ex,9758
Ex,9760
Ex,9764
Ex,9771
Ex,9783
Ex,9796
Ex,9806
Ex,9840
Ex,9856
Ex,9867
Ex,9871
Ex,9891
Ex,9899
Ex,9908
Ex,9912
Ex,9951
Ex,9956
Ex,10076
Ex,10082
Ex,10125
Ex,10152
Ex,10209
Ex,10217
Ex,10289
Ex,10313
Ex,10368
Ex,10371
Ex,10376
Ex,10383
Ex,10409
Ex,10439
Ex,10446
Ex,10458
Ex,10472
Ex,10477
Ex,10486
Ex,10497
Ex,10580
Ex,10611
Ex,10645
Ex,10656
Ex,10659
Ex,10681
Ex,10725
Ex,10776
Ex,10777
Ex,10808
Ex,10814
Ex,10815
Ex,10846
Ex,10858
Ex,10900
Ex,10905
Ex,10933
Ex,10983
Ex,11007
Ex,11034
Ex,11069
Ex,11075
Ex,11122
Ex,11142
Ex,11163
Ex,11178
Ex,11188
Ex,11214
Ex,11281
Ex,11332
Ex,11345
Ex,11346
Ex,22801
Ex,22837
Ex,22854
Ex,22866
Ex,22874
Ex,22883
Ex,22891
Ex,22898
Ex,22927
Ex,22941
Ex,22986
Ex,22999
Ex,23012
Ex,23015
Ex,23017
Ex,23025
Ex,23031
Ex,23037
Ex,23072
Ex,23086
Ex,23092
Ex,23096
Ex,23101
Ex,23105
Ex,23108
Ex,23136
Ex,23154
Ex,23178
Ex,23180
Ex,23221
Ex,23230
Ex,23236
Ex,23266
Ex,23270
Ex,23281
Ex,23314
Ex,23316
Ex,23327
Ex,23333
Ex,23349
Ex,23359
Ex,23414
Ex,23416
Ex,23426
Ex,23467
Ex,23518
Ex,23521
Ex,23531
Ex,23542
Ex,23544
Ex,23558
Ex,23596
Ex,23648
Ex,23710
Ex,23732
Ex,23768
Ex,24141
Ex,25758
Ex,25789
Ex,25791
Ex,25827
Ex,25830
Ex,25837
Ex,25849
Ex,25859
Ex,25953
Ex,25992
Ex,26002
Ex,26010
Ex,26011
Ex,26031
Ex,26033
Ex,26034
Ex,26037
Ex,26038
Ex,26040
Ex,26059
Ex,26115
Ex,26220
Ex,26278
Ex,26280
Ex,26289
Ex,26750
Ex,26960
Ex,26994
Ex,27020
Ex,27069
Ex,27072
Ex,27075
Ex,27086
Ex,27115
Ex,27122
Ex,27133
Ex,27344
Ex,27345
Ex,27430
Ex,27445
Ex,29114
Ex,29906
Ex,29951
Ex,29953
Ex,30818
Ex,30819
Ex,50614
Ex,51046
Ex,51172
Ex,51195
Ex,51199
Ex,51286
Ex,51299
Ex,51308
Ex,51334
Ex,51362
Ex,51422
Ex,51454
Ex,51523
Ex,51555
Ex,51560
Ex,51701
Ex,53335
Ex,53353
Ex,53358
Ex,53822
Ex,53942
Ex,54212
Ex,54331
Ex,54437
Ex,54472
Ex,54477
Ex,54536
Ex,54566
Ex,54602
Ex,54674
Ex,54704
Ex,54715
Ex,54769
Ex,54777
Ex,54806
Ex,54843
Ex,54958
Ex,54997
Ex,55041
Ex,55061
Ex,55068
Ex,55074
Ex,55118
Ex,55187
Ex,55294
Ex,55342
Ex,55384
Ex,55450
Ex,55531
Ex,55638
Ex,55691
Ex,55714
Ex,55790
Ex,55799
Ex,55800
Ex,55809
Ex,55827
Ex,55852
Ex,55859
Ex,55884
Ex,55885
Ex,56479
Ex,56853
Ex,56899
Ex,56917
Ex,56934
Ex,56938
Ex,56967
Ex,57030
Ex,57062
Ex,57118
Ex,57282
Ex,57451
Ex,57453
Ex,57468
Ex,57495
Ex,57497
Ex,57512
Ex,57528
Ex,57559
Ex,57586
Ex,57605
Ex,57616
Ex,57626
Ex,57628
Ex,57670
Ex,57685
Ex,57699
Ex,57718
Ex,57731
Ex,57732
Ex,57795
Ex,57863
Ex,58512
Ex,59345
Ex,59350
Ex,60495
Ex,60680
Ex,63876
Ex,63908
Ex,63974
Ex,63982
Ex,64084
Ex,64112
Ex,64168
Ex,64405
Ex,64478
Ex,64837
Ex,65009
Ex,65018
Ex,65992
Ex,66000
Ex,79012
Ex,79582
Ex,79623
Ex,79632
Ex,79658
Ex,79703
Ex,79705
Ex,79762
Ex,79772
Ex,79781
Ex,79815
Ex,79925
Ex,80031
Ex,80036
Ex,80059
Ex,80114
Ex,80144
Ex,80319
Ex,80321
Ex,80333
Ex,80762
Ex,81615
Ex,81618
Ex,81832
Ex,81849
Ex,81873
Ex,83643
Ex,83988
Ex,84125
Ex,84250
Ex,84254
Ex,84448
Ex,84502
Ex,84525
Ex,84539
Ex,84561
Ex,84620
Ex,84623
Ex,84628
Ex,84708
Ex,84867
Ex,84871
Ex,84894
Ex,84926
Ex,84966
Ex,85019
Ex,89795
Ex,90134
Ex,90249
Ex,90523
Ex,90990
Ex,92370
Ex,93556
Ex,93621
Ex,93664
Ex,93986
Ex,113263
Ex,114088
Ex,114569
Ex,114781
Ex,114795
Ex,114815
Ex,116931
Ex,116966
Ex,116984
Ex,117178
Ex,118427
Ex,120114
Ex,121256
Ex,123041
Ex,125488
Ex,127262
Ex,127602
Ex,128553
Ex,129642
Ex,129684
Ex,130733
Ex,131034
Ex,132204
Ex,134111
Ex,135152
Ex,136227
Ex,136319
Ex,137970
Ex,138046
Ex,140597
Ex,140735
Ex,140767
Ex,144165
Ex,145581
Ex,146177
Ex,146330
Ex,146395
Ex,146713
Ex,146760
Ex,147228
Ex,147381
Ex,148014
Ex,148641
Ex,149603
Ex,151126
Ex,151258
Ex,151531
Ex,151742
Ex,151835
Ex,152110
Ex,152330
Ex,152789
Ex,154215
Ex,158038
Ex,158931
Ex,160851
Ex,161357
Ex,164832
Ex,166336
Ex,168667
Ex,169200
Ex,170463
Ex,170961
Ex,171024
Ex,200150
Ex,200373
Ex,200407
Ex,202134
Ex,202559
Ex,203068
Ex,204962
Ex,220164
Ex,221692
Ex,222166
Ex,222553
Ex,255426
Ex,255631
Ex,256130
Ex,256536
Ex,257194
Ex,260425
Ex,266722
Ex,283455
Ex,284001
Ex,284252
Ex,284611
Ex,285154
Ex,285175
Ex,285220
Ex,285596
Ex,285780
Ex,337876
Ex,339479
Ex,339983
Ex,340542
Ex,341359
Ex,342184
Ex,343450
Ex,345557
Ex,353497
Ex,374378
Ex,374860
Ex,376267
Ex,387357
Ex,387775
Ex,388662
Ex,399947
Ex,400916
Ex,400954
Ex,401145
Ex,401491
Ex,402117
Ex,402381
Ex,440482
Ex,440823
Ex,441094
Ex,441459
Ex,492311
Ex,552889
Ex,554226
Ex,651746
Ex,728621
Ex,729082
Ex,729993
Ex,100130155
Ex,100505385
Ex,100507421
Ex,100862680
Ex,101410534
In,18
In,40
In,41
In,104
In,105
In,107
In,108
In,114
In,117
In,148
In,238
In,271
In,286
In,334
In,478
In,481
In,482
In,526
In,537
In,547
In,586
In,636
In,758
In,760
In,773
In,774
In,775
In,776
In,781
In,785
In,794
In,821
In,860
In,862
In,885
In,901
In,956
In,988
In,1005
In,1006
In,1007
In,1010
In,1012
In,1107
In,1129
In,1131
In,1135
In,1139
In,1159
In,1268
In,1284
In,1290
In,1310
In,1392
In,1404
In,1600
In,1612
In,1641
In,1745
In,1756
In,1759
In,1780
In,1804
In,1821
In,1826
In,1956
In,1993
In,2042
In,2045
In,2051
In,2066
In,2070
In,2104
In,2120
In,2131
In,2195
In,2257
In,2258
In,2259
In,2290
In,2322
In,2334
In,2554
In,2560
In,2561
In,2563
In,2567
In,2571
In,2572
In,2597
In,2620
In,2690
In,2742
In,2774
In,2778
In,2786
In,2801
In,2805
In,2890
In,2892
In,2893
In,2895
In,2897
In,2898
In,2899
In,2903
In,2904
In,2906
In,2907
In,2915
In,2917
In,2918
In,3084
In,3105
In,3188
In,3241
In,3326
In,3354
In,3358
In,3398
In,3423
In,3479
In,3595
In,3680
In,3737
In,3746
In,3747
In,3751
In,3752
In,3760
In,3781
In,3790
In,3815
In,3831
In,3909
In,3983
In,4045
In,4052
In,4094
In,4121
In,4130
In,4133
In,4163
In,4190
In,4208
In,4254
In,4306
In,4430
In,4637
In,4675
In,4681
In,4697
In,4744
In,4763
In,4781
In,4810
In,4835
In,4842
In,4861
In,4915
In,5063
In,5066
In,5074
In,5099
In,5100
In,5121
In,5125
In,5126
In,5139
In,5140
In,5172
In,5213
In,5218
In,5230
In,5274
In,5318
In,5332
In,5358
In,5423
In,5518
In,5581
In,5592
In,5593
In,5621
In,5629
In,5649
In,5654
In,5744
In,5787
In,5791
In,5793
In,5797
In,5799
In,5800
In,5802
In,5816
In,5865
In,5885
In,5915
In,5924
In,5937
In,5955
In,5980
In,6000
In,6002
In,6091
In,6092
In,6095
In,6196
In,6235
In,6263
In,6303
In,6323
In,6327
In,6422
In,6446
In,6447
In,6453
In,6489
In,6508
In,6529
In,6547
In,6581
In,6595
In,6638
In,6695
In,6710
In,6723
In,6727
In,6750
In,6854
In,6857
In,6863
In,6866
In,6925
In,7026
In,7074
In,7077
In,7089
In,7102
In,7114
In,7164
In,7204
In,7222
In,7223
In,7224
In,7280
In,7378
In,7381
In,7410
In,7425
In,7432
In,7704
In,7798
In,7804
In,7857
In,7881
In,7903
In,8237
In,8395
In,8404
In,8464
In,8516
In,8526
In,8527
In,8564
In,8604
In,8618
In,8622
In,8707
In,8760
In,8821
In,8905
In,9118
In,9196
In,9208
In,9223
In,9229
In,9265
In,9331
In,9348
In,9353
In,9362
In,9369
In,9378
In,9445
In,9455
In,9497
In,9498
In,9547
In,9568
In,9644
In,9663
In,9699
In,9722
In,9734
In,9745
In,9760
In,9788
In,9806
In,9815
In,9839
In,9881
In,9882
In,9900
In,9915
In,9922
In,9935
In,9949
In,10006
In,10082
In,10123
In,10129
In,10154
In,10160
In,10178
In,10231
In,10243
In,10314
In,10368
In,10369
In,10370
In,10499
In,10687
In,10810
In,10815
In,10857
In,10874
In,10891
In,10905
In,10983
In,10984
In,11059
In,11069
In,11113
In,11122
In,11141
In,11197
In,11228
In,11249
In,11255
In,11278
In,11343
In,22824
In,22836
In,22843
In,22848
In,22852
In,22854
In,22871
In,22876
In,22881
In,22895
In,22941
In,22979
In,22986
In,22987
In,22998
In,22999
In,23002
In,23007
In,23026
In,23036
In,23040
In,23057
In,23085
In,23194
In,23213
In,23245
In,23253
In,23254
In,23261
In,23262
In,23274
In,23281
In,23294
In,23326
In,23331
In,23348
In,23359
In,23363
In,23418
In,23426
In,23428
In,23467
In,23479
In,23504
In,23507
In,23543
In,23544
In,24141
In,25834
In,25849
In,25924
In,26031
In,26033
In,26038
In,26040
In,26047
In,26053
In,26207
In,26280
In,26289
In,26468
In,26470
In,26575
In,26999
In,27065
In,27122
In,27124
In,27255
In,27303
In,27324
In,27328
In,27333
In,27445
In,29091
In,29953
In,30010
In,30811
In,30819
In,30820
In,50515
In,50632
In,50859
In,51059
In,51088
In,51105
In,51196
In,51232
In,51247
In,51286
In,51310
In,51334
In,51440
In,51449
In,51466
In,51495
In,51660
In,51669
In,51760
In,51761
In,51809
In,53335
In,53616
In,53942
In,54039
In,54212
In,54331
In,54386
In,54550
In,54715
In,54806
In,54847
In,54874
In,55022
In,55061
In,55074
In,55083
In,55084
In,55118
In,55137
In,55203
In,55297
In,55353
In,55384
In,55515
In,55530
In,55534
In,55553
In,55619
In,55691
In,55711
In,55714
In,55799
In,56172
In,56243
In,56288
In,56675
In,56853
In,56884
In,56937
In,57188
In,57214
In,57282
In,57419
In,57451
In,57484
In,57498
In,57507
In,57512
In,57515
In,57528
In,57544
In,57569
In,57575
In,57582
In,57616
In,57624
In,57628
In,57689
In,57709
In,57728
In,57795
In,58494
In,59277
In,59283
In,60312
In,63876
In,64061
In,64067
In,64093
In,64478
In,64753
In,64919
In,65009
In,65055
In,65217
In,66000
In,79012
In,79104
In,79582
In,79623
In,79667
In,79698
In,79745
In,79750
In,79772
In,79937
In,79971
In,80031
In,80144
In,80206
In,80309
In,80310
In,80332
In,80820
In,80852
In,81533
In,81539
In,81578
In,81618
In,81631
In,81831
In,81832
In,81849
In,83259
In,83660
In,83698
In,83857
In,83988
In,84159
In,84162
In,84168
In,84457
In,84530
In,84570
In,84623
In,84940
In,84969
In,85004
In,85300
In,85397
In,85445
In,89797
In,90362
In,90627
In,91133
In,91584
In,92293
In,92737
In,93556
In,94032
In,94134
In,114786
In,114788
In,114795
In,114804
In,114805
In,114815
In,114880
In,114882
In,114884
In,115827
In,116135
In,116328
In,116443
In,118427
In,121256
In,121536
In,121551
In,121601
In,123041
In,124925
In,127495
In,127602
In,128434
In,128553
In,129684
In,129804
In,132204
In,134829
In,137970
In,139818
In,140679
In,140689
In,140733
In,140735
In,140767
In,149297
In,150568
In,152330
In,152404
In,152926
In,153768
In,154790
In,155066
In,157807
In,158038
In,158326
In,161357
In,161502
In,163404
In,170302
In,171019
In,192683
In,200150
In,204962
In,221336
In,221935
In,221981
In,222183
In,222256
In,222537
In,222553
In,222865
In,253559
In,254531
In,255928
In,256714
In,257019
In,266812
In,283131
In,284339
In,285195
In,285220
In,285343
In,285533
In,285671
In,285704
In,286183
In,338645
In,340419
In,342184
In,343450
In,344558
In,345557
In,345757
In,347689
In,348980
In,374378
In,374860
In,375248
In,375567
In,386617
In,388336
In,388662
In,389432
In,392617
In,400916
In,400986
In,401145
In,401190
In,402117
In,440279
In,440482
In,440829
In,442213
In,541471
In,644192
In,645323
In,654790
In,727957
In,729082
In,729993
In,101926917
In,104472715
End,2
End,567
End,682
End,1843
End,2022
End,2034
End,2122
End,2313
End,2321
End,2335
End,2353
End,3105
End,3106
End,3107
End,3133
End,3304
End,3429
End,3490
End,3635
End,3655
End,4502
End,4792
End,5175
End,5243
End,5420
End,5787
End,6513
End,6678
End,7122
End,9429
End,9452
End,10365
End,11309
End,22837
End,23224
End,51162
End,51176
End,54739
End,56261
End,57194
End,79875
End,79993
End,84879
End,84952
End,92745
End,221395
Ast,32
Ast,108
Ast,120
Ast,183
Ast,216
Ast,324
Ast,348
Ast,361
Ast,394
Ast,444
Ast,463
Ast,477
Ast,482
Ast,583
Ast,594
Ast,596
Ast,658
Ast,667
Ast,783
Ast,818
Ast,1002
Ast,1119
Ast,1191
Ast,1363
Ast,1463
Ast,1465
Ast,1471
Ast,1496
Ast,1501
Ast,1608
Ast,1793
Ast,1837
Ast,1956
Ast,2047
Ast,2066
Ast,2138
Ast,2139
Ast,2152
Ast,2202
Ast,2261
Ast,2262
Ast,2263
Ast,2272
Ast,2290
Ast,2308
Ast,2534
Ast,2550
Ast,2555
Ast,2560
Ast,2670
Ast,2697
Ast,2737
Ast,2746
Ast,2752
Ast,2776
Ast,2804
Ast,2820
Ast,2823
Ast,2824
Ast,2905
Ast,2913
Ast,3490
Ast,3679
Ast,3707
Ast,3709
Ast,3766
Ast,3782
Ast,3977
Ast,3983
Ast,4026
Ast,4038
Ast,4045
Ast,4163
Ast,4212
Ast,4217
Ast,4257
Ast,4289
Ast,4502
Ast,4504
Ast,4646
Ast,4651
Ast,4756
Ast,4774
Ast,4781
Ast,4897
Ast,4915
Ast,4983
Ast,5125
Ast,5270
Ast,5286
Ast,5364
Ast,5445
Ast,5521
Ast,5578
Ast,5587
Ast,5592
Ast,5596
Ast,5602
Ast,5654
Ast,5730
Ast,5764
Ast,5783
Ast,5803
Ast,5990
Ast,5992
Ast,6095
Ast,6096
Ast,6196
Ast,6263
Ast,6285
Ast,6444
Ast,6453
Ast,6506
Ast,6507
Ast,6509
Ast,6529
Ast,6563
Ast,6565
Ast,6640
Ast,6660
Ast,6907
Ast,6934
Ast,7003
Ast,7164
Ast,7227
Ast,7430
Ast,8404
Ast,8500
Ast,8601
Ast,8613
Ast,8671
Ast,8850
Ast,8853
Ast,9211
Ast,9283
Ast,9289
Ast,9378
Ast,9413
Ast,9444
Ast,9630
Ast,9639
Ast,9732
Ast,9760
Ast,10404
Ast,10411
Ast,10413
Ast,10418
Ast,10420
Ast,10451
Ast,10461
Ast,10529
Ast,10580
Ast,10611
Ast,10690
Ast,10718
Ast,10768
Ast,10810
Ast,10840
Ast,11170
Ast,11197
Ast,11228
Ast,22836
Ast,22882
Ast,22906
Ast,23022
Ast,23043
Ast,23048
Ast,23051
Ast,23189
Ast,23194
Ast,23205
Ast,23209
Ast,23239
Ast,23286
Ast,23328
Ast,23331
Ast,23345
Ast,23362
Ast,23382
Ast,23418
Ast,23499
Ast,23500
Ast,23576
Ast,23657
Ast,23705
Ast,25834
Ast,25840
Ast,25891
Ast,26018
Ast,26027
Ast,26084
Ast,26137
Ast,26207
Ast,27115
Ast,27152
Ast,27303
Ast,27333
Ast,28316
Ast,29106
Ast,29994
Ast,50509
Ast,50515
Ast,50649
Ast,50863
Ast,51704
Ast,51741
Ast,51760
Ast,53353
Ast,53373
Ast,53919
Ast,54558
Ast,54762
Ast,55131
Ast,55268
Ast,55277
Ast,55366
Ast,55553
Ast,55589
Ast,55790
Ast,56171
Ast,56288
Ast,56776
Ast,56963
Ast,56994
Ast,57161
Ast,57186
Ast,57224
Ast,57326
Ast,57348
Ast,57381
Ast,57447
Ast,57480
Ast,57514
Ast,57522
Ast,57537
Ast,57580
Ast,57619
Ast,57630
Ast,57674
Ast,57685
Ast,57688
Ast,57713
Ast,58499
Ast,60495
Ast,63827
Ast,63976
Ast,64067
Ast,64344
Ast,64759
Ast,64850
Ast,65975
Ast,79611
Ast,79632
Ast,79776
Ast,79778
Ast,79781
Ast,79971
Ast,80036
Ast,80205
Ast,80243
Ast,80896
Ast,81563
Ast,83473
Ast,83478
Ast,83733
Ast,84059
Ast,84133
Ast,84239
Ast,84249
Ast,84441
Ast,84460
Ast,84466
Ast,84532
Ast,85004
Ast,85315
Ast,85439
Ast,85440
Ast,89797
Ast,89978
Ast,91768
Ast,93145
Ast,94097
Ast,112885
Ast,114793
Ast,116135
Ast,117583
Ast,121512
Ast,124540
Ast,130132
Ast,146691
Ast,148198
Ast,158405
Ast,163175
Ast,166614
Ast,166647
Ast,169792
Ast,201266
Ast,202151
Ast,220296
Ast,221938
Ast,222256
Ast,283131
Ast,286183
Ast,344148
Ast,348094
Ast,375449
Ast,376497
Ast,387119
Ast,388815
Ast,645323
Ast,100507524
Oli,20
Oli,214
Oli,288
Oli,323
Oli,333
Oli,347
Oli,443
Oli,667
Oli,745
Oli,760
Oli,800
Oli,933
Oli,950
Oli,1124
Oli,1267
Oli,1287
Oli,1368
Oli,1410
Oli,1465
Oli,1739
Oli,1793
Oli,1806
Oli,1902
Oli,1998
Oli,2263
Oli,2272
Oli,2346
Oli,2530
Oli,2549
Oli,2752
Oli,2770
Oli,2788
Oli,2824
Oli,2894
Oli,2913
Oli,2934
Oli,3092
Oli,3300
Oli,3344
Oli,3516
Oli,3673
Oli,3766
Oli,3908
Oli,3920
Oli,3977
Oli,3988
Oli,4036
Oli,4099
Oli,4118
Oli,4124
Oli,4155
Oli,4336
Oli,4340
Oli,4642
Oli,4643
Oli,4646
Oli,4650
Oli,4678
Oli,4684
Oli,4685
Oli,4756
Oli,4864
Oli,5010
Oli,5027
Oli,5046
Oli,5101
Oli,5129
Oli,5136
Oli,5137
Oli,5142
Oli,5151
Oli,5168
Oli,5287
Oli,5305
Oli,5334
Oli,5337
Oli,5354
Oli,5376
Oli,5435
Oli,5521
Oli,5523
Oli,5654
Oli,5663
Oli,5730
Oli,5747
Oli,5757
Oli,5764
Oli,5796
Oli,5860
Oli,5962
Oli,6035
Oli,6272
Oli,6285
Oli,6319
Oli,6446
Oli,6457
Oli,6558
Oli,6579
Oli,6695
Oli,6696
Oli,6801
Oli,6900
Oli,6938
Oli,7018
Oli,7082
Oli,7368
Oli,7444
Oli,7456
Oli,7562
Oli,7586
Oli,7869
Oli,8301
Oli,8502
Oli,8537
Oli,8633
Oli,8738
Oli,8826
Oli,8850
Oli,8871
Oli,9053
Oli,9267
Oli,9444
Oli,9448
Oli,9472
Oli,9517
Oli,9586
Oli,9625
Oli,9639
Oli,9705
Oli,9725
Oli,9728
Oli,9738
Oli,9745
Oli,9765
Oli,9829
Oli,9839
Oli,9844
Oli,9846
Oli,9863
Oli,9873
Oli,9926
Oli,10085
Oli,10165
Oli,10314
Oli,10351
Oli,10395
Oli,10396
Oli,10397
Oli,10404
Oli,10420
Oli,10507
Oli,10826
Oli,11141
Oli,11155
Oli,11183
Oli,11240
Oli,11342
Oli,22882
Oli,22905
Oli,22998
Oli,23048
Oli,23097
Oli,23114
Oli,23120
Oli,23122
Oli,23127
Oli,23150
Oli,23187
Oli,23189
Oli,23194
Oli,23232
Oli,23233
Oli,23239
Oli,23242
Oli,23258
Oli,23287
Oli,23303
Oli,23321
Oli,23328
Oli,23387
Oli,23429
Oli,23446
Oli,23500
Oli,23671
Oli,25769
Oli,25777
Oli,25932
Oli,26022
Oli,26030
Oli,26052
Oli,26137
Oli,26289
Oli,27296
Oli,27332
Oli,27443
Oli,28232
Oli,28316
Oli,28996
Oli,29119
Oli,29937
Oli,29994
Oli,50859
Oli,51090
Oli,51148
Oli,51555
Oli,51704
Oli,51741
Oli,51747
Oli,54443
Oli,54467
Oli,54558
Oli,54886
Oli,54899
Oli,55182
Oli,55314
Oli,55331
Oli,55356
Oli,55556
Oli,55619
Oli,55636
Oli,55677
Oli,55704
Oli,55719
Oli,55755
Oli,55819
Oli,55858
Oli,56062
Oli,56650
Oli,56895
Oli,56896
Oli,56957
Oli,57142
Oli,57453
Oli,57471
Oli,57475
Oli,57477
Oli,57509
Oli,57556
Oli,57571
Oli,57580
Oli,57584
Oli,57609
Oli,57636
Oli,57688
Oli,57698
Oli,58155
Oli,58504
Oli,63895
Oli,63971
Oli,64067
Oli,64399
Oli,65108
Oli,79152
Oli,79602
Oli,79628
Oli,79739
Oli,79789
Oli,79817
Oli,79899
Oli,79966
Oli,79987
Oli,80000
Oli,80005
Oli,80303
Oli,80725
Oli,83641
Oli,83700
Oli,83737
Oli,84466
Oli,84735
Oli,84898
Oli,84938
Oli,84978
Oli,85315
Oli,85445
Oli,85449
Oli,85464
Oli,89853
Oli,93377
Oli,94015
Oli,114792
Oli,114793
Oli,115584
Oli,115825
Oli,116984
Oli,116987
Oli,118611
Oli,121601
Oli,122060
Oli,130132
Oli,131096
Oli,135112
Oli,152503
Oli,154215
Oli,158471
Oli,159195
Oli,160335
Oli,201266
Oli,219287
Oli,220108
Oli,220296
Oli,220416
Oli,220965
Oli,221458
Oli,222537
Oli,253650
Oli,253832
Oli,254827
Oli,256435
Oli,256987
Oli,283131
Oli,285195
Oli,285527
Oli,342035
Oli,344148
Oli,344595
Oli,347689
Oli,387486
Oli,388403
Oli,399959
Oli,400506
Oli,404093
OPC,105
OPC,214
OPC,238
OPC,245
OPC,323
OPC,347
OPC,493
OPC,744
OPC,1272
OPC,1297
OPC,1301
OPC,1462
OPC,1464
OPC,1471
OPC,1608
OPC,1630
OPC,1793
OPC,1804
OPC,1826
OPC,2257
OPC,2259
OPC,2260
OPC,2272
OPC,2690
OPC,2895
OPC,2900
OPC,3092
OPC,3344
OPC,3556
OPC,3685
OPC,3696
OPC,3709
OPC,3751
OPC,3910
OPC,4035
OPC,4038
OPC,4045
OPC,4325
OPC,4651
OPC,4661
OPC,4684
OPC,4685
OPC,4774
OPC,4857
OPC,4897
OPC,4978
OPC,4983
OPC,5142
OPC,5156
OPC,5396
OPC,5578
OPC,5654
OPC,5764
OPC,5803
OPC,5980
OPC,6095
OPC,6323
OPC,6444
OPC,6505
OPC,6660
OPC,6935
OPC,7010
OPC,7143
OPC,7456
OPC,8516
OPC,8537
OPC,8573
OPC,8850
OPC,9026
OPC,9037
OPC,9283
OPC,9289
OPC,9378
OPC,9423
OPC,9444
OPC,9788
OPC,9855
OPC,9873
OPC,10046
OPC,10082
OPC,10090
OPC,10188
OPC,10215
OPC,10675
OPC,10752
OPC,10984
OPC,11031
OPC,11057
OPC,11278
OPC,22854
OPC,22871
OPC,22905
OPC,23034
OPC,23037
OPC,23120
OPC,23189
OPC,23245
OPC,23254
OPC,23284
OPC,23302
OPC,23358
OPC,23414
OPC,23418
OPC,23544
OPC,26137
OPC,27185
OPC,28316
OPC,29798
OPC,29899
OPC,29951
OPC,30010
OPC,50515
OPC,50863
OPC,51090
OPC,51347
OPC,51741
OPC,51747
OPC,51760
OPC,53353
OPC,54212
OPC,54453
OPC,54558
OPC,54886
OPC,55022
OPC,55083
OPC,55137
OPC,55553
OPC,55568
OPC,55607
OPC,55612
OPC,55636
OPC,55959
OPC,56288
OPC,56934
OPC,57161
OPC,57419
OPC,57477
OPC,57502
OPC,57514
OPC,57626
OPC,57633
OPC,57642
OPC,57688
OPC,57689
OPC,58499
OPC,63827
OPC,63971
OPC,64067
OPC,64093
OPC,64131
OPC,64478
OPC,64759
OPC,65217
OPC,79776
OPC,79834
OPC,79856
OPC,79966
OPC,80059
OPC,80243
OPC,81615
OPC,84441
OPC,84465
OPC,89796
OPC,89797
OPC,91768
OPC,92293
OPC,114788
OPC,114805
OPC,116448
OPC,116987
OPC,130132
OPC,130271
OPC,131096
OPC,143872
OPC,152137
OPC,152503
OPC,155185
OPC,161357
OPC,202333
OPC,219654
OPC,221938
OPC,222553
OPC,256987
OPC,286183
OPC,338645
OPC,339479
OPC,344148
OPC,347689
OPC,375612
Mic,2
Mic,240
Mic,313
Mic,463
Mic,472
Mic,677
Mic,718
Mic,972
Mic,1436
Mic,1524
Mic,2313
Mic,3303
Mic,3428
Mic,3635
Mic,3687
Mic,3709
Mic,3786
Mic,4067
Mic,4094
Mic,4205
Mic,4208
Mic,5330
Mic,5682
Mic,5788
Mic,6303
Mic,6404
Mic,6480
Mic,6653
Mic,6672
Mic,6850
Mic,6916
Mic,7046
Mic,7805
Mic,9444
Mic,9450
Mic,9497
Mic,9732
Mic,9844
Mic,9873
Mic,9938
Mic,9951
Mic,10161
Mic,10461
Mic,10863
Mic,11214
Mic,11262
Mic,11309
Mic,23191
Mic,23380
Mic,25771
Mic,27185
Mic,29760
Mic,54518
Mic,54532
Mic,54739
Mic,54947
Mic,55119
Mic,55534
Mic,55589
Mic,55636
Mic,55691
Mic,57674
Mic,57705
Mic,57713
Mic,58504
Mic,59345
Mic,64759
Mic,64805
Mic,79365
Mic,79705
Mic,79953
Mic,81704
Mic,83478
Mic,84441
Mic,84898
Mic,89795
Mic,91526
Mic,93986
Mic,166348
Mic,221472
Mic,255426
Mic,256435
Mic,283131
Mic,285195
Mic,374655
Mic,647135
Per,2
Per,477
Per,567
Per,633
Per,677
Per,800
Per,1634
Per,1879
Per,2034
Per,2059
Per,2113
Per,2321
Per,2335
Per,2687
Per,3106
Per,3133
Per,3490
Per,3672
Per,3693
Per,3908
Per,3913
Per,3956
Per,4430
Per,5159
Per,5549
Per,5745
Per,5764
Per,6529
Per,6539
Per,6573
Per,6575
Per,6641
Per,6678
Per,7035
Per,7078
Per,7122
Per,7145
Per,7402
Per,7545
Per,9411
Per,9452
Per,9934
Per,10052
Per,10060
Per,10276
Per,10395
Per,10398
Per,10410
Per,10628
Per,10723
Per,11030
Per,22837
Per,23224
Per,23371
Per,27115
Per,27143
Per,27303
Per,51176
Per,51751
Per,54739
Per,55532
Per,56288
Per,57125
Per,57801
Per,64094
Per,80760
Per,81035
Per,151258
Per,220441
Per,221395
Per,257019
Per,644192
